Dimension,Absolute_Agreement,Within_One_Agreement,Spearman_Correlation,Spearman_P_Value,Pearson_Correlation,Pearson_P_Value,N_Comparisons,Krippendorff_Alpha,Human_Pairwise_Agreement,Perfect_Agreement_Pct
emotional_reactions,0.3357142857142857,1.0,0.3420329766735778,3.531695474900799e-05,0.3924263752800007,1.6233834958531199e-06,140,0.4202655979942388,0.6071428571428572,17.857142857142858
explorations,0.5571428571428572,0.9571428571428572,0.3078194025072736,0.0002158011363328997,0.36448809856063935,9.54227260268582e-06,140,0.4117416662514325,0.5714285714285714,14.285714285714285
interpretations,0.35714285714285715,1.0,0.3545856654632937,1.7202495354271625e-05,0.4591359687813577,1.1588465804295101e-08,140,0.4154095683561062,0.6142857142857143,21.428571428571427
empathy,0.42857142857142855,1.0,0.29576212302567534,0.00038839975319351336,0.3439487452799047,3.170757689491032e-05,140,0.4667978559757926,0.5928571428571429,17.857142857142858
