Method,Dimension_Avg_Rho,Overall_Rho,Overall_P_Value,Abs_Agreement,Within_One,N_Comparisons
Individual Ratings,0.17426931952057156,0.1080432364146714,0.00033089672059867726,0.42363636363636364,0.9872727272727272,1100
Majority Voting,0.3318223014939431,0.17141624181069673,0.07073915871438463,0.4285714285714286,1.0,112
