Set,N_Conversations,Abs_Agreement_Individual,Abs_Agreement_Majority,Spearman_Individual,Spearman_Majority,P_Value_Individual,P_Value_Majority,Unanimous_Pct,Majority_Vote_Pct
Set 1,28,0.41964285714285715,0.375,0.15974334244100527,0.18453539009040923,0.0001469459048974181,0.05143978937699617,17.857142857142858,79.46428571428571
Set 2,27,0.47962962962962963,0.5462962962962963,0.15269464663170318,0.21051485202428596,0.00036946850016169095,0.028753773878749868,19.444444444444443,74.07407407407408
