Dimension,Absolute_Agreement_Individual,Absolute_Agreement_Majority,Spearman_Individual,Spearman_Majority,Spearman_P_Value,Cohens_Kappa,Within_One_Individual,Within_One_Majority,N_Comparisons,Avg_Human_Agreement
emotional_reactions,0.3563636363636364,0.32727272727272727,0.17406110331599436,0.24809407802418734,0.06780160239757124,0.048175865294668,0.9927272727272727,1.0,55,0.7309090909090911
explorations,0.5236363636363637,0.6363636363636364,0.11297679125683623,0.32782639605913083,0.014552822898174136,0.11290322580645151,0.9709090909090909,0.9636363636363636,55,0.7527272727272727
interpretations,0.3781818181818182,0.3090909090909091,0.2193226395367527,0.3778906864048733,0.0044489284344575684,-0.0019175455417066445,0.9927272727272727,1.0,55,0.7163636363636362
empathy,0.43636363636363634,0.5636363636363636,0.190716743972703,0.4508042497657099,0.0005524430881485342,0.2790824685963954,0.9927272727272727,1.0,55,0.7490909090909091
